Judah,62,003-605-9588,vivamus.sit@hotmail.couk

Austin,0,string,string

Acton,34,053-660-6585,litora@yahoo.ca

Caleb,67,021-754-6865,dolor.quisque.tincidunt@outlook.net

Gemma,88,047-868-3371,montes@outlook.edu

Jael,1,032-809-1128,dolor.quisque@icloud.ca

Joshua,61,092-841-1189,feugiat.lorem@hotmail.ca

Lois,43,050-942-6251,sapien@aol.com

Hu,42,086-640-1982,arcu@outlook.com

Nola,10,075-362-3654,molestie.pharetra@google.ca

Chastity,40,084-662-4436,non.magna@yahoo.com

Garth,67,089-768-3296,gravida@google.com

Leslie,84,083-013-6464,integer.eu@google.ca

Cain,44,032-269-3447,placerat@aol.org

Cameran,79,052-284-8731,arcu.sed@aol.couk

Phelan,87,051-786-4756,non@outlook.edu

Yoshio,13,032-246-6141,sociis.natoque@yahoo.com

Adrienne,74,026-669-0138,ornare.lectus@protonmail.org

Brenda,30,059-881-8410,dapibus.quam.quis@icloud.couk

Carol,78,017-752-7727,nullam.suscipit.est@aol.net

Fritz,1,086-817-3895,odio@hotmail.ca

Quin,20,086-543-0805,phasellus@yahoo.couk

Vivien,75,089-350-3171,nulla.integer@aol.edu

Thor,39,021-768-4884,sit.amet.diam@aol.couk

Kato,78,055-482-4607,pede.ultrices@icloud.com

Heidi,90,035-636-5654,vehicula@hotmail.com

Kirby,8,038-551-7314,lorem.auctor.quis@hotmail.net

Chantale,40,010-068-6845,velit@outlook.couk

Remedios,68,082-857-3363,adipiscing.elit@hotmail.couk

Norman,89,088-701-0658,arcu.iaculis.enim@hotmail.edu

Lawrence,46,098-543-8214,sem@outlook.org

Nolan,32,051-473-0842,mollis.phasellus.libero@icloud.edu

Stella,58,053-221-5868,mollis.vitae.posuere@protonmail.com

Tatyana,37,033-418-7358,a.feugiat@aol.ca

Teegan,74,049-048-4283,aenean.sed@outlook.ca

Blaze,73,027-675-9728,justo.faucibus.lectus@aol.ca

Isabelle,2,063-876-4085,pede@icloud.net

Tad,15,012-434-0646,mauris.blandit@aol.couk

Jerome,64,059-462-1417,mauris@hotmail.com

Desiree,48,025-955-6627,elit.fermentum@yahoo.edu

Todd,86,075-184-9667,at.arcu@google.com

Cooper,3,048-134-4472,ante@aol.com

Xyla,53,072-254-6637,vulputate.eu@hotmail.org

Madaline,65,042-472-5721,lorem.auctor@yahoo.com

Sierra,70,014-927-3997,non.nisi.aenean@google.com

Kane,41,072-295-3682,ultrices.a.auctor@hotmail.edu

Perry,72,067-138-3347,pellentesque@protonmail.net

Carissa,39,051-835-8982,natoque.penatibus@protonmail.edu

Galvin,24,064-274-9072,egestas@protonmail.net

Tate,20,097-105-5111,phasellus@yahoo.net

Jared,46,063-169-0076,montes.nascetur@google.edu

Chaney,69,084-254-7245,accumsan.interdum@google.edu

Emi,70,003-648-8546,mattis@outlook.edu

Yasir,85,047-308-4322,faucibus.leo@protonmail.couk

Erich,69,018-183-3359,turpis.aliquam@hotmail.ca

Charles,65,036-110-1411,feugiat.nec@aol.ca

Noelle,3,041-645-7326,eget.massa.suspendisse@aol.ca

Bianca,88,014-125-8524,dignissim@hotmail.com

Odette,4,072-820-3425,vivamus.euismod.urna@aol.net

Kellie,81,096-402-4665,enim.nisl.elementum@google.com

Linus,12,063-722-7464,dolor.fusce@hotmail.com

Lars,33,037-275-6479,consequat@google.ca

Laith,77,018-588-9392,viverra.donec@google.org

Derek,13,032-100-0873,donec.luctus.aliquet@outlook.com

Myles,4,089-228-2236,consequat.auctor@outlook.com

Holmes,79,041-554-4695,dictum@aol.com

Wade,41,014-038-3043,phasellus.nulla.integer@yahoo.com

Althea,4,047-635-1880,lorem@yahoo.edu

Cassady,83,047-211-8273,enim@google.org

Gregory,16,045-578-5137,ipsum@protonmail.edu

Philip,59,064-174-4461,ut.lacus@hotmail.edu

Stewart,63,097-210-7180,nibh@icloud.ca

Victor,60,012-863-4235,quis.lectus@yahoo.couk

Burton,11,085-696-5773,pharetra.quisque@aol.ca

Elton,50,024-868-3626,sem.nulla@icloud.couk

Ramona,35,065-455-2456,eu.dolor@yahoo.net

Clark,58,045-528-8403,nulla@hotmail.org

Xander,56,035-547-3836,enim.mi@hotmail.net

Basil,77,018-947-1818,lacus.varius.et@yahoo.org

Kermit,74,078-786-4198,pede.cras.vulputate@protonmail.com

Hayden,80,013-309-5716,felis@icloud.net

Oliver,77,059-274-2748,et@google.edu

Medge,80,018-327-3754,ipsum.donec.sollicitudin@google.ca

Brandon,32,057-151-5152,ante@aol.ca

Maxine,58,052-058-2474,vulputate.eu.odio@protonmail.ca

Marvin,67,088-877-2095,sed.sem.egestas@aol.com

Jin,55,016-659-3245,mauris.blandit@yahoo.edu

Felicia,63,064-687-7615,est.ac@outlook.net

Jeremy,16,006-127-9873,mi@icloud.edu

Patrick,24,049-974-1443,luctus@protonmail.couk

Garrison,84,090-351-7177,elit@hotmail.couk

Laura,10,042-440-7546,mauris.vel@icloud.couk

Carla,35,015-837-9943,cras.convallis.convallis@icloud.net

Lewis,47,068-131-8762,a@google.net

Christian,67,032-844-7464,consectetuer.adipiscing.elit@hotmail.edu

Petra,51,086-335-2340,risus.donec@outlook.com

Serina,54,082-188-2616,neque.et@icloud.net

Scarlet,49,062-933-9952,montes.nascetur@protonmail.couk

Jacob,87,051-727-6918,sem.nulla.interdum@google.org
